name,location,price,old_price,percentage,rating,description
Gezellig diervriendelijke bungalow omgeven door bossen,"Dilsen-Stokkem, Limburg, Flanders",€84,€200,58% korting,4.0 / 5,Chalet·4 Gasten·4 Huisdieren·2 Slaapkamers·
Prachtig chalet in Anhée in een charmante omgeving,"Bioul, Dinant-Han-Chimay and surroundings, Ardennes",€87,€178,51% korting,4.6 / 5,Chalet·2 Gasten·1 Huisdier·1 Slaapkamer·50 m² oppervlakte
Vrijstaand chalet in Vielsalm met zonnig terras,"Vielsalm, Durbuy-La Roche-Bastogne and surroundings, Ardennes",€61,€111,45% korting,4.3 / 5,Chalet·5 Gasten·2 Slaapkamers·70 m² oppervlakte
Gezellig chalet met privétuin vlakbij het bos in Longfaye,"Malmedy, Liège-Spa-Malmedy-Stavelot and surroundings, High Fens",€71,€108,34% korting,4.2 / 5,Chalet·5 Gasten·1 Huisdier·3 Slaapkamers·85 m² oppervlakte
"Een chalet om tot rust te komen, niet ver van Durbuy. Alle kosten inbegrepen!","Ferrières, Durbuy-La Roche-Bastogne and surroundings, Ardennes",€80,€99,18% korting,4.7 / 5,Chalet·2 Gasten·1 Slaapkamer·50 m² oppervlakte
"Magnifiek chalet met privéterras in Ferrières, België","Ferrières, Durbuy-La Roche-Bastogne and surroundings, Ardennes",€93,€115,19% korting,4.5 / 5,Chalet·4 Gasten·2 Slaapkamers·50 m² oppervlakte
"Vrijstaande, gelijkvloerse bungalow op 10 km. van Oostende","Bredene, Belgium coast, Flanders",€58,€257,77% korting,4.4 / 5,Bungalow·4 Gasten·2 Huisdieren·2 Slaapkamers
Gezellig diervriendelijke bungalow omgeven door bossen,"Dilsen-Stokkem, Limburg, Flanders",€79,€192,58% korting,3.9 / 5,Chalet·4 Gasten·4 Huisdieren·2 Slaapkamers·
Vrijstaand vakantiehuis in de Ardennen met omheinde tuin,"Aywaille, Liège-Spa-Malmedy-Stavelot and surroundings, Ardennes",€75,€121,38% korting,4.4 / 5,Chalet·6 Gasten·2 Slaapkamers·75 m² oppervlakte
"Chalet met beschikking over roeiboot, aan een vijver op privé landgoed (vissen)","Gouvy, Durbuy-La Roche-Bastogne and surroundings, Ardennes",€43,€54,19% korting,4.1 / 5,Chalet·4 Gasten·2 Slaapkamers·45 m² oppervlakte
Gezellig chalet in Trois Ponts dicht bij het bos,"Trois Ponts, Liège-Spa-Malmedy-Stavelot and surroundings, Ardennes",€59,€101,41% korting,3.9 / 5,Chalet·4 Gasten·2 Huisdieren·2 Slaapkamers·
Uniek chalet in de Ardennen met een bubbelbad,"Jalhay, Liège-Spa-Malmedy-Stavelot and surroundings, High Fens",€132,€483,72% korting,4.1 / 5,Chalet·6 Gasten·2 Huisdieren·3 Slaapkamers·
Gastvrij chalet in Stavelot midden in de Ardennen,"Stavelot, Liège-Spa-Malmedy-Stavelot and surroundings, High Fens",€93,€170,45% korting,4.4 / 5,Chalet·5 Gasten·2 Slaapkamers·85 m² oppervlakte
Comfortabel chalet in de buurt van het meer Cherapont,"Gouvy, Durbuy-La Roche-Bastogne and surroundings, Ardennes",€84,€140,39% korting,4.1 / 5,Chalet·6 Gasten·1 Huisdier·3 Slaapkamers·85 m² oppervlakte
Milieuvriendelijk chalet in Oignies-en-Thiérache met een privétuin,"Viroinval, Dinant-Han-Chimay and surroundings, Ardennes",€94,€153,38% korting,4.4 / 5,Chalet·6 Gasten·2 Huisdieren·3 Slaapkamers·
Fijne bungalow in Lanaken met een tuin,"Lanaken, Limburg, Flanders",€77,€90,14% korting,4.3 / 5,Bungalow·2 Gasten·1 Huisdier·1 Slaapkamer·50 m² oppervlakte
Romantisch chalet in de Ardennen met zwembad,"Aywaille, Liège-Spa-Malmedy-Stavelot and surroundings, Ardennes",€98,€146,33% korting,4.6 / 5,Chalet·2 Gasten·65 m² oppervlakte
Chalet in traditionele stijl met tuin vlakbij Malmédy en de Hoge Venen,"Malmedy, Liège-Spa-Malmedy-Stavelot and surroundings, High Fens",€88,€139,36% korting,4.3 / 5,Chalet·4 Gasten·2 Huisdieren·2 Slaapkamers·
"Ongebruikelijk hut in het bos, zeer comfortabel, mooie overdekt terras, rustig","Gesves, Namur-Huy-Condroz and surroundings, Ardennes",€46,€80,42% korting,4.1 / 5,Chalet·4 Gasten·1 Slaapkamer·32 m² oppervlakte
"Rustig, iets van de weg af gelegen chalet met tuin, bij Libin","Libin, Arlon-Bouiloon-Virton and surroundings, Ardennes",€62,€157,60% korting,4.2 / 5,Chalet·6 Gasten·4 Huisdieren·3 Slaapkamers·
Gezellig vakantiehuis op een kleinschalig vakantiepark,"Durbuy, Durbuy-La Roche-Bastogne and surroundings, Ardennes",€91,€120,24% korting,4.1 / 5,Chalet·5 Gasten·1 Huisdier·2 Slaapkamers·80 m² oppervlakte
Aangenaam chalet bij Durbuy in Barvaux,"Durbuy, Durbuy-La Roche-Bastogne and surroundings, Ardennes",€126,€294,56% korting,4.2 / 5,Chalet·9 Gasten·2 Huisdieren·4 Slaapkamers·
Gerenoveerde bungalow dichtbij het meer van Vallée de Rabais te Virton,"Virton, Arlon-Bouiloon-Virton and surroundings, Ardennes",€43,€109,60% korting,3.8 / 5,Bungalow·6 Gasten·2 Slaapkamers·50 m² oppervlakte
Modern chalet in de buurt van het bos in Humain,"Marche-en-Famenne, Durbuy-La Roche-Bastogne and surroundings, Ardennes",€120,€174,31% korting,3.9 / 5,Chalet·6 Gasten·3 Slaapkamers·100 m² oppervlakte
"Zeer gezellig en knus chalet, een oase van rust op het platteland","Nassogne, Durbuy-La Roche-Bastogne and surroundings, Ardennes",€102,,,4.7 / 5,Chalet·4 Gasten·2 Slaapkamers·64 m² oppervlakte
Knusse chalet in Oud-Turnhout met een ruime bostuin,"Oud-Turnhout, Antwerp, Campine",€80,€130,38% korting,4.8 / 5,Chalet·4 Gasten·1 Huisdier·2 Slaapkamers·80 m² oppervlakte
Prachtig chalet bij het bos in Saint-Léger,"Saint-Léger-, Arlon-Bouiloon-Virton and surroundings, Ardennes",€100,€172,41% korting,4.6 / 5,Chalet·4 Gasten·1 Huisdier·2 Slaapkamers·80 m² oppervlakte
Lieflijk chalet 100 m van het Meer van Butgenbach,"Büllingen, Liège-Spa-Malmedy-Stavelot and surroundings, Ardennes",€90,€209,56% korting,4.3 / 5,Chalet·6 Gasten·1 Huisdier·2 Slaapkamers·90 m² oppervlakte
"Comfortabele bungalow, nabij natuurgebied Bosland","Hechtel-Eksel, Campine, Limburg",€61,€219,72% korting,4.1 / 5,Bungalow·4 Gasten·2 Huisdieren·2 Slaapkamers
Comfortabel chalet in Petit-Han met tuin en barbecue,"Durbuy, Durbuy-La Roche-Bastogne and surroundings, Ardennes",€69,€140,50% korting,3.8 / 5,Chalet·3 Gasten·1 Huisdier·2 Slaapkamers·65 m² oppervlakte
"Gezellig chalet in Soy, België met sauna","Érezée, Durbuy-La Roche-Bastogne and surroundings, Ardennes",€196,€414,52% korting,4.5 / 5,Chalet·14 Gasten·6 Slaapkamers·300 m² oppervlakte
Karakteristiek chalet in Barvaux met sauna en hot tub,"Durbuy, Durbuy-La Roche-Bastogne and surroundings, Ardennes",€89,€245,63% korting,4.1 / 5,Chalet·2 Gasten·1 Slaapkamer·35 m² oppervlakte
Chalet ideaal gelegen aan de rand van een groot bos 10 km van Durbuy,"Durbuy, Durbuy-La Roche-Bastogne and surroundings, Ardennes",€95,€267,64% korting,NIEUW,Chalet·6 Gasten·1 Huisdier·3 Slaapkamers
"Luxe en gezellig chalet met sauna en open haard, gelegen aan een bos","Malmedy, Liège-Spa-Malmedy-Stavelot and surroundings, High Fens",€66,€165,60% korting,4.1 / 5,Chalet·8 Gasten·3 Slaapkamers·200 m² oppervlakte
Gezellig chalet in de Ardennen met een bubbelbad,"Büllingen, Liège-Spa-Malmedy-Stavelot and surroundings, Ardennes",€114,€149,23% korting,4.3 / 5,Bungalow·6 Gasten·1 Huisdier·3 Slaapkamers
Fraai houten chalet gebouwd tegen een heuvel,"Stavelot, Liège-Spa-Malmedy-Stavelot and surroundings, High Fens",€65,€123,47% korting,4.2 / 5,Chalet·7 Gasten·3 Slaapkamers·70 m² oppervlakte
Half vrijstaande bungalow voor 6 personen naast het Lac de Vallée de Rabais,"Virton, Arlon-Bouiloon-Virton and surroundings, Ardennes",€43,€161,73% korting,NIEUW,Bungalow·6 Gasten·2 Huisdieren·2 Slaapkamers
Groot en gezellig vakantiehuis in de heuvels met houtkachel en sauna,"Vielsalm, Durbuy-La Roche-Bastogne and surroundings, Ardennes",€227,€402,43% korting,4.4 / 5,Chalet·15 Gasten·1 Huisdier·7 Slaapkamers·210 m² oppervlakte
Charmant chalet in de natuurlijke omgeving van de Ardennen,"Malmedy, Liège-Spa-Malmedy-Stavelot and surroundings, Ardennes",€181,€368,50% korting,4.2 / 5,Chalet·10 Gasten·1 Huisdier·4 Slaapkamers·200 m² oppervlakte
Comfortabele bungalow vlakbij natuurgebied Bosland,"Hechtel-Eksel, Campine, Limburg",€74,€267,72% korting,4.0 / 5,Bungalow·6 Gasten·2 Huisdieren·3 Slaapkamers
Vrijstaand chalet met uitzicht op meer van Bütgenbach temidden van de natuur,"Bütgenbach, Liège-Spa-Malmedy-Stavelot and surroundings, Ardennes",€103,€207,50% korting,4.0 / 5,Chalet·6 Gasten·3 Slaapkamers
"Ruimtelijk appartement in Luxemburg, dicht bij de bossen","Rendeux, Durbuy-La Roche-Bastogne and surroundings, Ardennes",€117,€402,70% korting,3.9 / 5,Chalet·12 Gasten·2 Huisdieren·5 Slaapkamers
Mooi chalet met afwasmachine op slechts 3 km. van Malmédy,"Malmedy, Liège-Spa-Malmedy-Stavelot and surroundings, High Fens",€116,€200,41% korting,4.2 / 5,Chalet·6 Gasten·2 Huisdieren·2 Slaapkamers·
Mooi chalet in Durbuy in een prachtige wandelomgeving,"Durbuy, Durbuy-La Roche-Bastogne and surroundings, Ardennes",€106,€190,43% korting,4.5 / 5,Chalet·5 Gasten·3 Slaapkamers·130 m² oppervlakte
Knus chalet in Tenneville met een privébos van 3 ha en uitzonderlijk panorama,"Tenneville, Durbuy-La Roche-Bastogne and surroundings, Ardennes",€79,€96,17% korting,4.8 / 5,Chalet·3 Gasten·1 Huisdier·3 Slaapkamers·80 m² oppervlakte
"Modern, sfeervol ingericht chalet met sauna, gelegen in het groene landschap","Durbuy, Durbuy-La Roche-Bastogne and surroundings, Ardennes",€173,€461,62% korting,4.6 / 5,Chalet·9 Gasten·4 Slaapkamers·300 m² oppervlakte
"Leuk chalet met afwasmachine, Maastricht op 16 km.","Zutendaal, Campine, Limburg",€80,€305,73% korting,4.6 / 5,Chalet·4 Gasten·2 Huisdieren·2 Slaapkamers·
Comfortabel chalet met afwasmachine in de buurt van Malmédy,"Malmedy, Liège-Spa-Malmedy-Stavelot and surroundings, High Fens",€146,€394,62% korting,4.2 / 5,Chalet·6 Gasten·2 Huisdieren·2 Slaapkamers·
Gezellig chalet in Wéris op 6 km van Durbuy,"Wéris, Namur-Huy-Condroz and surroundings, Ardennes",€69,€87,20% korting,NIEUW,Chalet·6 Gasten·2 Slaapkamers·60 m² oppervlakte
Sfeervol huis met prachtig uitzicht op de Ardennen,"Dochamps, Durbuy-La Roche-Bastogne and surroundings, Ardennes",€97,€163,40% korting,3.1 / 5,Chalet·5 Gasten·1 Huisdier·2 Slaapkamers·46 m² oppervlakte
Luxe chalet met wellness vlakbij het meer van Bütgenbach en de Hoge Venen,"Büllingen, Liège-Spa-Malmedy-Stavelot and surroundings, Ardennes",€133,€445,70% korting,4.5 / 5,Chalet·8 Gasten·2 Huisdieren·3 Slaapkamers·
Luxe chalet met twee badkamers in de Ardennen,"Dochamps, Durbuy-La Roche-Bastogne and surroundings, Ardennes",€101,€181,43% korting,4.0 / 5,Chalet·6 Gasten·1 Huisdier·3 Slaapkamers·42 m² oppervlakte
Rustiek chalet in Sourbrodt op Les Hautes nabij meer,"Waimes, Liège-Spa-Malmedy-Stavelot and surroundings, High Fens",€54,€96,43% korting,4.5 / 5,Chalet·2 Gasten·1 Slaapkamer·35 m² oppervlakte
"Fijn chalet met afwasmachine, 16 km van Maastricht","Zutendaal, Campine, Limburg",€68,€222,69% korting,NIEUW,Chalet·5 Gasten·2 Slaapkamers·32 m² oppervlakte
"Mooi chalet met veranda, in de Antwerpse Kempen","Lille, Antwerp, Campine",€113,€124,8% korting,4.3 / 5,Chalet·6 Gasten·1 Huisdier·3 Slaapkamers·48 m² oppervlakte
"Fijn chalet met afwasmachine, Maastricht op 16 km.","Zutendaal, Campine, Limburg",€72,€258,72% korting,4.2 / 5,Chalet·4 Gasten·2 Huisdieren·2 Slaapkamers·
Mooi chalet voor 4 personen rustig gelegen met mooi aangelegde tuin,"Somme-Leuze, Durbuy-La Roche-Bastogne and surroundings, Ardennes",€55,€111,50% korting,NIEUW,Chalet·4 Gasten·2 Slaapkamers·65 m² oppervlakte
Comfortabel chalet met afwasmachine in de groene Kempen,"Mol, Antwerp, Campine",€84,€359,76% korting,4.0 / 5,Chalet·6 Gasten·2 Huisdieren·3 Slaapkamers·
Comfortabel chalet met magnetron gelegen in de groene Kempen,"Mol, Antwerp, Campine",€63,€263,75% korting,4.1 / 5,Chalet·4 Gasten·2 Huisdieren·2 Slaapkamers·
"Fijn chalet met tuin, op vakantiepark middenin de Antwerpse Kempen","Lille, Antwerp, Campine",€97,€124,21% korting,NIEUW,Chalet·4 Gasten·1 Huisdier·2 Slaapkamers·48 m² oppervlakte
Karakteristiek chalet in Manhay met een bubbelbad,"Manhay, Durbuy-La Roche-Bastogne and surroundings, Ardennes",€239,€331,27% korting,4.6 / 5,Chalet·9 Gasten·2 Huisdieren·5 Slaapkamers·
Sfeervol chalet in Septon met een sauna en bubbelbad,"Durbuy, Durbuy-La Roche-Bastogne and surroundings, Ardennes",€175,€367,52% korting,4.5 / 5,Chalet·9 Gasten·4 Slaapkamers
Wooncaravan in Erezée op een camping midden in de natuur,"Érezée, Durbuy-La Roche-Bastogne and surroundings, Ardennes",€74,€127,41% korting,NIEUW,Bungalow·4 Gasten·2 Huisdieren·2 Slaapkamers
Romantisch chalet in Lille met een zeer grote tuin,"Lille, Antwerp, Campine",€51,€119,56% korting,4.6 / 5,Bungalow·2 Gasten·1 Slaapkamer·35 m² oppervlakte
Sfeervol chalet in de landelijke omgeving van Malmédy,"Malmedy, Liège-Spa-Malmedy-Stavelot and surroundings, High Fens",€123,€257,52% korting,4.2 / 5,Chalet·8 Gasten·1 Huisdier·3 Slaapkamers·120 m² oppervlakte
Vrijstaand chalet in heerlijk wandelgebied,"Bouillon, Arlon-Bouiloon-Virton and surroundings, Ardennes",€71,€130,45% korting,3.9 / 5,Chalet·5 Gasten·2 Huisdieren·2 Slaapkamers·
Mooie vakantiewoning in Biron met barrelsauna en hot tub,"Érezée, Durbuy-La Roche-Bastogne and surroundings, Ardennes",€154,€199,22% korting,4.9 / 5,Chalet·4 Gasten·2 Huisdieren·2 Slaapkamers·
Ruim chalet in de buurt van het bos in Sourbrodt,"Waimes, Liège-Spa-Malmedy-Stavelot and surroundings, High Fens",€127,€204,37% korting,4.3 / 5,Chalet·6 Gasten·1 Huisdier·3 Slaapkamers·110 m² oppervlakte
"Chalet Chocolat "" rust aan het water ""","Geel, Antwerp, Campine",€67,€124,45% korting,4.4 / 5,Chalet·2 Gasten·1 Slaapkamer·45 m² oppervlakte
Chalet met rustige ligging in een bos bij Nijlen,"Nijlen, Antwerp, Campine",€86,€117,26% korting,4.6 / 5,Chalet·4 Gasten·3 Huisdieren·1 Slaapkamer·60 m² oppervlakte
"Knus, houten chalet met magnetron en bbq, gelegen in een bos","Viroinval, Dinant-Han-Chimay and surroundings, Ardennes",€39,€116,66% korting,3.6 / 5,Chalet·6 Gasten·1 Huisdier·2 Slaapkamers·35 m² oppervlakte
Knus chalet in Rogery met een tuin,"Gouvy, Durbuy-La Roche-Bastogne and surroundings, Ardennes",€65,€134,51% korting,4.6 / 5,Chalet·4 Gasten·1 Slaapkamer·40 m² oppervlakte
"Ideaal voor gezinnen met tuin, overdekt terras dichtbij het meer van Robertville","Waimes, Liège-Spa-Malmedy-Stavelot and surroundings, High Fens",€173,€363,52% korting,3.9 / 5,Chalet·12 Gasten·6 Slaapkamers·250 m² oppervlakte
"Fijn chalet met tuin, middenin de Antwerpse Kempen","Lille, Antwerp, Campine",€88,€124,28% korting,NIEUW,Chalet·4 Gasten·1 Huisdier·2 Slaapkamers·48 m² oppervlakte
Comfortabel vakantiehuis in Biron met een terras,"Érezée, Durbuy-La Roche-Bastogne and surroundings, Ardennes",€225,€293,23% korting,4.5 / 5,Chalet·8 Gasten·2 Huisdieren·4 Slaapkamers·
Sfeervol chalet in Vielsalm met grote bomentuin,"Vielsalm, Durbuy-La Roche-Bastogne and surroundings, Ardennes",€56,€85,34% korting,4.3 / 5,Chalet·5 Gasten·2 Slaapkamers·60 m² oppervlakte
Modern chalet met afwasmachine in de groene Kempen,"Mol, Antwerp, Campine",€83,€320,73% korting,4.1 / 5,Chalet·6 Gasten·2 Huisdieren·3 Slaapkamers·
"Fijn chalet met afwasmachine, 16km. van Maastricht","Zutendaal, Campine, Limburg",€90,€353,74% korting,4.2 / 5,Chalet·6 Gasten·2 Huisdieren·3 Slaapkamers·
Sfeervolle bungalow in Lanaken met omheinde tuin,"Lanaken, Limburg, Flanders",€193,€474,59% korting,NIEUW,Bungalow·10 Gasten·1 Huisdier·4 Slaapkamers
"Fijn chalet met twee badkamers, op vakantiepark in de Belgische Kempen","Lille, Antwerp, Campine",€143,,,NIEUW,Chalet·6 Gasten·1 Huisdier·3 Slaapkamers·40 m² oppervlakte
Sfeervol chalet in Bernister met terras,"Malmedy, Liège-Spa-Malmedy-Stavelot and surroundings, High Fens",€79,€292,72% korting,4.5 / 5,Chalet·4 Gasten·2 Huisdieren·2 Slaapkamers·
Comfortabel chalet met afwasmachine in de groene Kempen,"Mol, Antwerp, Campine",€75,€316,76% korting,4.4 / 5,Chalet·4 Gasten·2 Slaapkamers·50 m² oppervlakte
Vrijstaand chalet met afwasmachine in de buurt van Malmédy,"Malmedy, Liège-Spa-Malmedy-Stavelot and surroundings, High Fens",€170,,,4.2 / 5,Chalet·4 Gasten·2 Huisdieren·1 Slaapkamer·50 m² oppervlakte
Comfortabel chalet met afwasmachine in de Kempen,"Mol, Antwerp, Campine",€81,€343,76% korting,4.1 / 5,Chalet·6 Gasten·2 Huisdieren·3 Slaapkamers·
Rustig gelegen chalet in Geel met tuin,"Geel, Antwerp, Campine",€54,€93,41% korting,NIEUW,Chalet·2 Gasten·1 Slaapkamer·40 m² oppervlakte
Charmant chalet in Septon met bubbelbad en sauna,"Durbuy, Durbuy-La Roche-Bastogne and surroundings, Ardennes",€183,€510,64% korting,4.7 / 5,Chalet·8 Gasten·4 Slaapkamers·300 m² oppervlakte
Chalet gelegen in een groene en rustige omgeving,"Houffalize, Durbuy-La Roche-Bastogne and surroundings, Ardennes",€70,€118,40% korting,4.3 / 5,Chalet·6 Gasten·2 Slaapkamers·60 m² oppervlakte
"Chalet met sauna en royale tuin geschikt voor 5 personen, middenin de Ardennen!","Waimes, Liège-Spa-Malmedy-Stavelot and surroundings, High Fens",€95,€181,47% korting,4.4 / 5,Chalet·5 Gasten·3 Slaapkamers
Gerenoveerde bungalow dichtbij het meer van Vallée de Rabais te Virton,"Virton, Arlon-Bouiloon-Virton and surroundings, Ardennes",€55,€94,41% korting,NIEUW,Bungalow·6 Gasten·2 Slaapkamers·38 m² oppervlakte
Vrijstaande villa in Plateau du Soleil met een sauna en bubbelbad,"Durbuy, Durbuy-La Roche-Bastogne and surroundings, Ardennes",€245,€419,41% korting,4.2 / 5,Chalet·9 Gasten·4 Slaapkamers·250 m² oppervlakte
"Zeer groot chalet voorzien van sauna, vele speelmogelijkheden en riante tuin","Waimes, Liège-Spa-Malmedy-Stavelot and surroundings, High Fens",€216,€354,39% korting,4.4 / 5,Chalet·16 Gasten·7 Slaapkamers·300 m² oppervlakte
Luxe chalet in het bos met jacuzzi (en sauna vanaf april 2023),"Manhay, Durbuy-La Roche-Bastogne and surroundings, Ardennes",€318,€490,35% korting,NIEUW,Chalet·9 Gasten·2 Huisdieren·4 Slaapkamers·
"Verzorgd chalet met magnetron, Antwerpen op 39 km","Rijkevorsel, Antwerp, Campine",€112,€161,30% korting,NIEUW,Chalet·6 Gasten·3 Slaapkamers·31 m² oppervlakte
"Fijn chalet met magnetron, gelegen in de Ardennen","Viroinval, Dinant-Han-Chimay and surroundings, Ardennes",€99,€148,32% korting,NIEUW,Chalet·4 Gasten·2 Slaapkamers·40 m² oppervlakte
"Fijn chalet met veranda, in de Antwerpse Kempen","Lille, Antwerp, Campine",€108,€119,9% korting,3.7 / 5,Chalet·4 Gasten·1 Huisdier·2 Slaapkamers
Sfeervol chalet in Rochefort met tuin,"Rochefort, Dinant-Han-Chimay and surroundings, Ardennes",€113,€166,32% korting,NIEUW,Chalet·9 Gasten·1 Huisdier·3 Slaapkamers·150 m² oppervlakte
Chalet in hartje Ardennen met fraai uitzicht over de Ourthe vallei en hottub,"Rendeux, Durbuy-La Roche-Bastogne and surroundings, Ardennes",€93,€149,37% korting,3.7 / 5,Chalet·6 Gasten·2 Huisdieren·3 Slaapkamers·
"Comfortabel, ruim chalet met mooi uitzicht op bebost privélandgoed","Stavelot, Liège-Spa-Malmedy-Stavelot and surroundings, Ardennes",€75,€186,59% korting,3.6 / 5,Chalet·7 Gasten·1 Huisdier·4 Slaapkamers·200 m² oppervlakte
"Schitterende chalet met sauna, grote tuin en terras, gelegen nabij Durbuy","Durbuy, Durbuy-La Roche-Bastogne and surroundings, Ardennes",€251,€685,63% korting,4.4 / 5,Chalet·14 Gasten·5 Slaapkamers·512 m² oppervlakte
Mooi vakantiehuis in Durbuy met speeltuin,"Durbuy, Durbuy-La Roche-Bastogne and surroundings, Ardennes",€87,€131,33% korting,4.2 / 5,Chalet·8 Gasten·1 Huisdier·3 Slaapkamers
"Verzorgd chalet met magnetron, Antwerpen op 39 km","Rijkevorsel, Antwerp, Campine",€112,€161,30% korting,NIEUW,Chalet·6 Gasten·3 Slaapkamers·31 m² oppervlakte
"Fijn chalet met veranda, in de Antwerpse Kempen","Lille, Antwerp, Campine",€108,€119,9% korting,3.7 / 5,Chalet·4 Gasten·1 Huisdier·2 Slaapkamers
"Fijn chalet met magnetron, gelegen in de Ardennen","Viroinval, Dinant-Han-Chimay and surroundings, Ardennes",€99,€148,32% korting,NIEUW,Chalet·4 Gasten·2 Slaapkamers·40 m² oppervlakte
Sfeervolle bungalow in Lanaken met omheinde tuin,"Lanaken, Limburg, Flanders",€193,€474,59% korting,NIEUW,Bungalow·10 Gasten·1 Huisdier·4 Slaapkamers
Luxe chalet in het bos met jacuzzi (en sauna vanaf april 2023),"Manhay, Durbuy-La Roche-Bastogne and surroundings, Ardennes",€318,€490,35% korting,NIEUW,Chalet·9 Gasten·2 Huisdieren·4 Slaapkamers·
Comfortabel chalet met afwasmachine in de Kempen,"Mol, Antwerp, Campine",€81,€343,76% korting,4.1 / 5,Chalet·6 Gasten·2 Huisdieren·3 Slaapkamers·
Sfeervol chalet in Rochefort met tuin,"Rochefort, Dinant-Han-Chimay and surroundings, Ardennes",€113,€166,32% korting,NIEUW,Chalet·9 Gasten·1 Huisdier·3 Slaapkamers·150 m² oppervlakte
"Mooie vrijstaande, rustig gelegen woning met zeer ruime tuin, terras en Wifi","Waimes, Liège-Spa-Malmedy-Stavelot and surroundings, High Fens",€116,€177,34% korting,3.9 / 5,Chalet·8 Gasten·3 Slaapkamers·120 m² oppervlakte
Prachtige villa in Septon met bubbelbad en sauna,"Durbuy, Durbuy-La Roche-Bastogne and surroundings, Ardennes",€223,€779,71% korting,4.7 / 5,Chalet·10 Gasten·5 Slaapkamers·350 m² oppervlakte
Landelijk chalet in de Ardennen met sauna,"Waimes, Liège-Spa-Malmedy-Stavelot and surroundings, High Fens",€95,€187,48% korting,3.8 / 5,Chalet·8 Gasten·3 Slaapkamers
Bungalow nabij de Ourthe en de dorpskom,"Somme-Leuze, Durbuy-La Roche-Bastogne and surroundings, Ardennes",€71,€139,49% korting,3.4 / 5,Chalet·6 Gasten·2 Huisdieren·3 Slaapkamers·
"Modern chalet met terras, in de Belgische Ardennen","Dochamps, Durbuy-La Roche-Bastogne and surroundings, Ardennes",€93,€164,42% korting,NIEUW,Chalet·6 Gasten·1 Huisdier·3 Slaapkamers·30 m² oppervlakte
"Comfortabel, ruim chalet met mooi uitzicht op bebost privélandgoed","Stavelot, Liège-Spa-Malmedy-Stavelot and surroundings, Ardennes",€75,€186,59% korting,3.6 / 5,Chalet·7 Gasten·1 Huisdier·4 Slaapkamers·200 m² oppervlakte
Comfortabele bungalow volledig gerenoveerd bij het Meer van Rabais,"Virton, Arlon-Bouiloon-Virton and surroundings, Ardennes",€72,€119,39% korting,3.4 / 5,Bungalow·6 Gasten·2 Slaapkamers
Comfortabel chalet met afwasmachine in de groene Kempen,"Mol, Antwerp, Campine",€69,€289,76% korting,3.9 / 5,Chalet·4 Gasten·2 Huisdieren·2 Slaapkamers·
"Leuk chalet met magnetron, gelegen in de Ardennen","Viroinval, Dinant-Han-Chimay and surroundings, Ardennes",€113,€148,23% korting,NIEUW,Chalet·6 Gasten·3 Slaapkamers·40 m² oppervlakte
"Zeer groot chalet voorzien van sauna, vele speelmogelijkheden en riante tuin","Waimes, Liège-Spa-Malmedy-Stavelot and surroundings, High Fens",€216,€354,39% korting,4.4 / 5,Chalet·16 Gasten·7 Slaapkamers·300 m² oppervlakte
"Verzorgd chalet met magnetron, Antwerpen op 39 km.","Rijkevorsel, Antwerp, Campine",€99,€147,33% korting,NIEUW,Chalet·4 Gasten·2 Slaapkamers·30 m² oppervlakte
Gezellige vakantiewoning in Somme-Leuze met een tuin,"Somme-Leuze, Durbuy-La Roche-Bastogne and surroundings, Ardennes",€60,€123,51% korting,3.3 / 5,Bungalow·6 Gasten·2 Huisdieren·3 Slaapkamers
Gerenoveerde bungalow dichtbij het meer van Vallée de Rabais te Virton,"Virton, Arlon-Bouiloon-Virton and surroundings, Ardennes",€55,€94,41% korting,NIEUW,Bungalow·6 Gasten·2 Slaapkamers
Rustiek chalet bij met meer van Thirimont met bubbelbad,"Waimes, Liège-Spa-Malmedy-Stavelot and surroundings, Ardennes",€394,€677,41% korting,4.4 / 5,Chalet·14 Gasten·2 Huisdieren·6 Slaapkamers
"Prachtig chalet met hot tub, barrelsauna en zwembadje","Érezée, Durbuy-La Roche-Bastogne and surroundings, Ardennes",€225,€336,33% korting,NIEUW,Chalet·4 Gasten·2 Huisdieren·2 Slaapkamers·
"Knus chalet met omheinde tuin in de Ardennen, nabij Durbuy","Barvaux, Durbuy-La Roche-Bastogne and surroundings, Ardennes",€143,€246,42% korting,4.1 / 5,Chalet·8 Gasten·4 Slaapkamers·105 m² oppervlakte
"Chalet op het platteland, prachtige grote tuin, absolute rust, totale privacy","Bièvre, Arlon-Bouiloon-Virton and surroundings, Ardennes",€154,€306,49% korting,3.1 / 5,Chalet·9 Gasten·2 Huisdieren·3 Slaapkamers·
Charmante chalet in Waimes met privésauna en bubbelbad,"Waimes, Liège-Spa-Malmedy-Stavelot and surroundings, High Fens",€200,€226,11% korting,4.2 / 5,Chalet·10 Gasten·1 Huisdier·4 Slaapkamers
Gezellig chalet in Bouillon met een terras,"Bouillon, Arlon-Bouiloon-Virton and surroundings, Ardennes",€71,€146,51% korting,3.9 / 5,Chalet·6 Gasten·3 Slaapkamers·72 m² oppervlakte
Stijlvol vakantiehuis in La Roche-en-Ardenne met een terras,"La Roche-en-Ardenne, Durbuy-La Roche-Bastogne and surroundings, Ardennes",€141,€280,49% korting,4.2 / 5,Chalet·12 Gasten·5 Slaapkamers
Moderne bungalow in Gerin met een terras,"Onhaye, Dinant-Han-Chimay and surroundings, Ardennes",€231,€417,44% korting,3.4 / 5,Bungalow·9 Gasten·1 Huisdier·4 Slaapkamers
"Modern, houten chalet met houtkachel, gelegen in het bos","Viroinval, Dinant-Han-Chimay and surroundings, Ardennes",€69,€115,39% korting,4.1 / 5,Bungalow·8 Gasten·1 Huisdier·3 Slaapkamers
Imposant vakantiehuis in Stoumont met binnenzwembad en sauna,"Stoumont, Liège-Spa-Malmedy-Stavelot and surroundings, Ardennes",€491,€1464,66% korting,4.8 / 5,Chalet·11 Gasten·4 Slaapkamers·480 m² oppervlakte
"Vakantiehuis met een panoramisch uitzicht op de Ourthe, op rustig gelegen domein","La Roche-en-Ardenne, Durbuy-La Roche-Bastogne and surroundings, Ardennes",€256,€583,56% korting,3.6 / 5,Chalet·30 Gasten·12 Slaapkamers·316 m² oppervlakte
Gezellig chalet in bosrijke omgeving,"La Roche-en-Ardenne, Durbuy-La Roche-Bastogne and surroundings, Ardennes",€79,€130,39% korting,4.2 / 5,Chalet·4 Gasten·2 Slaapkamers·50 m² oppervlakte
Charmante chalet met enorme tuin in het groene Arendonk,"Arendonk, Antwerp, Campine",€70,€106,33% korting,NIEUW,Bungalow·4 Gasten·1 Slaapkamer·75 m² oppervlakte
"Comfortabel chalet met afwasmachine, strand op loopafstand","Zealand, Netherlands",€39,€265,85% korting,3.7 / 5,Chalet·6 Gasten·1 Huisdier·3 Slaapkamers·36 m² oppervlakte
Het knus ingerichte chalet is direct gelegen aan het water,"Friesland, Netherlands",€95,€191,50% korting,4.8 / 5,Chalet·4 Gasten·2 Huisdieren·2 Slaapkamers·45 m² oppervlakte
Modern chalet in Voorthuizen dichtbij bos,"Veluwe, Netherlands",€74,€254,70% korting,4.7 / 5,Chalet·4 Gasten·1 Huisdier·2 Slaapkamers·40 m² oppervlakte
Vibrant vakantiehuis bij Forest in Bailamont,"Neufchâteau, Belgium",€64,€95,32% korting,4.4 / 5,Cottage·3 Gasten·2 Huisdieren·1 Slaapkamer·60 m² oppervlakte
Fijne bungalow in Lanaken met een tuin,"Flanders, Belgium",€77,€90,14% korting,4.3 / 5,Bungalow·2 Gasten·1 Huisdier·1 Slaapkamer·50 m² oppervlakte
Luxe villa met zwembad en sauna op loopafstand van zee,"West Flanders, Belgium",€342,€468,26% korting,4.3 / 5,Villa·12 Gasten·5 Slaapkamers·300 m² oppervlakte
Vrijstaande bungalow in Güntersberge in het Harzgebergte,"Saxony-Anhalt, Germany",€84,€127,33% korting,4.8 / 5,Bungalow·2 Gasten·1 Slaapkamer·65 m² oppervlakte
Gezellige bungalow in het zuidelijke deel van de Harz met eigen terras en een prachtig uitzicht,"Thuringia, Germany",€91,€100,8% korting,4.0 / 5,Bungalow·4 Gasten·2 Slaapkamers·50 m² oppervlakte
Vrijstaande bungalow in Brandenburg met eigen steiger aan het Glindow meer,"Brandenburg, Germany",€116,€141,17% korting,4.2 / 5,Bungalow·2 Gasten·1 Slaapkamer·65 m² oppervlakte
"Modern chalet met airco, op een vakantiepark, op slechts 1,5 km. van het strand","South of France, France",€85,€268,68% korting,NIEUW,Chalet·4 Gasten·2 Slaapkamers·40 m² oppervlakte
Moderne Lodge in Roquetaillade op Hillside Vineyard.,"South of France, France",€172,€329,47% korting,4.2 / 5,Chalet·4 Gasten·1 Huisdier·2 Slaapkamers·70 m² oppervlakte
Sfeervol chalet met prachtig uitzicht aan de rand van La Bresse,"Vosges, France",€77,€115,32% korting,4.3 / 5,Chalet·2 Gasten·2 Huisdieren·1 Slaapkamer·50 m² oppervlakte
